{"initial_reset_timestamp": 592747.5531618, "timestamps": [592767.2111156, 592782.5342786, 592798.1509595, 592816.4191803, 592832.5541195, 592848.0642343, 592864.8227365, 592879.2318558, 592897.3378355, 592914.4415155, 592927.9114549, 592939.8648426, 592952.5389715, 592967.4274691, 592985.0092869, 593002.5251697, 593022.0027178, 593040.2044042, 593058.3309478, 593073.3805487, 593095.9924818, 593110.3020376, 593129.8034067, 593149.0404737, 593164.2688455, 593186.7490943, 593205.4350491, 593223.7545503, 593240.8601375, 593267.0751319, 593292.2213614, 593316.1574797, 593339.7211054, 593365.9414994, 593389.4435382, 593409.6346188, 593432.2681517, 593453.9939753, 593475.4518083, 593506.8379561, 593538.5972086, 593564.5155363, 593583.7533597, 593618.0905233, 593650.3553608, 593678.4424844, 593706.7868588, 593736.2889925, 593762.2389619, 593789.5675668, 593815.0845424, 593840.0698076, 593865.1247004, 593893.938413, 593921.2790715, 593949.1839124, 593979.3421983, 594017.7404051, 594055.6903717, 594094.6491807, 594130.6555617, 594158.8822613, 594215.8121078, 594264.44795, 594323.5503432, 594377.415382, 594419.3119311, 594467.7802655, 594527.2864851, 594586.6527281, 594644.0265103, 594691.7822552, 594747.2865001, 594801.9513921, 594881.0492097, 594940.8136969, 595032.5932877, 595119.7888007, 595217.9458612, 595293.6722652, 595380.0665595, 595453.1658896, 595537.4056316, 595602.8119829, 595694.6285633], "episode_lengths": [941, 887, 919, 1051, 963, 958, 1009, 891, 1119, 1077, 867, 765, 813, 932, 1061, 993, 1170, 1078, 1010, 905, 1291, 793, 978, 1033, 842, 1206, 1000, 915, 906, 1288, 1368, 1292, 1242, 1387, 1289, 1071, 1242, 1183, 1138, 1708, 1674, 1303, 957, 1606, 1497, 1442, 1695, 1759, 1595, 1670, 1561, 1504, 1504, 1729, 1638, 1668, 1779, 2023, 1914, 1893, 1715, 1420, 2728, 2292, 2754, 2413, 1915, 2159, 2588, 2666, 3185, 2643, 3057, 2780, 3634, 2489, 3638, 3403, 3600, 3140, 3481, 2891, 3098, 2348, 3279], "episode_rewards": [-21.0, -21.0, -20.0, -20.0, -20.0, -20.0, -20.0, -21.0, -18.0, -19.0, -21.0, -21.0, -21.0, -21.0, -20.0, -21.0, -17.0, -19.0, -19.0, -21.0, -21.0, -21.0, -20.0, -21.0, -20.0, -19.0, -20.0, -21.0, -21.0, -17.0, -20.0, -21.0, -20.0, -19.0, -17.0, -21.0, -21.0, -20.0, -19.0, -19.0, -17.0, -19.0, -21.0, -18.0, -21.0, -18.0, -17.0, -18.0, -18.0, -20.0, -20.0, -18.0, -16.0, -17.0, -18.0, -16.0, -15.0, -15.0, -15.0, -16.0, -15.0, -20.0, -13.0, -14.0, -11.0, -12.0, -17.0, -13.0, -13.0, -15.0, -9.0, -14.0, -10.0, -13.0, -7.0, -12.0, -5.0, -4.0, 2.0, -7.0, -2.0, 6.0, 1.0, 15.0, 3.0], "episode_types": ["t", "t", "t", "t", "t", "t", "t", "t", "t", "t", "t", "t", "t", "t", "t", "t", "t", "t", "t", "t", "t", "t", "t", "t", "t", "t", "t", "t", "t", "t", "t", "t", "t", "t", "t", "t", "t", "t", "t", "t", "t", "t", "t", "t", "t", "t", "t", "t", "t", "t", "t", "t", "t", "t", "t", "t", "t", "t", "t", "t", "t", "t", "t", "t", "t", "t", "t", "t", "t", "t", "t", "t", "t", "t", "t", "t", "t", "t", "t", "t", "t", "t", "t", "t", "t", "t"]}